GO.ID,Term,Annotated,Significant,Expected,Fisher,fdr
GO:0016020,membrane,1511,223,163.3,3.6e-11,9.864e-09
GO:0005856,cytoskeleton,120,18,12.97,2.7e-10,3.699e-08
GO:0009579,thylakoid,43,15,4.65,4.3e-08,3.92733333333333e-06
GO:0009521,photosystem,41,14,4.43,6.1e-07,4.1785e-05
GO:0030312,external encapsulating structure,47,18,5.08,7.8e-07,4.2744e-05
GO:0042555,MCM complex,5,5,0.54,1.9e-06,8.67666666666667e-05
